scenario,protocol,profile,seed,duration_ms,offered,delivered,pdr,latency_avg_ms,nrl,nrl_control,energy_est_mj,tx_total,rx_total,tx_control,tx_data,tx_failures,route_discoveries,route_repairs,duplicate_rreq_drops,flood_duplicate_drops
linear_stable,aodv_en,hop_only,1000,120000,100,17,0.170000,565.706,38.294118,25.411765,1420.400,651,799,432,219,25,78,0,59,0
linear_stable,aodv_en,hybrid_default,1017,120000,100,34,0.340000,495.118,23.764706,9.117647,1674.400,808,881,310,498,50,42,0,31,0
linear_stable,aodv_en,hybrid_rssi_bias,1034,120000,100,10,0.100000,121.000,61.100000,43.400000,1346.800,611,767,434,177,29,80,1,62,0
linear_stable,flooding,baseline,1091,120000,100,16,0.160000,1.000,32.062500,0.000000,1209.200,513,742,0,513,0,0,0,0,329
linear_stable,aodv_en,hop_only,1001,120000,100,29,0.290000,373.414,24.862069,10.517241,1492.400,721,784,305,416,40,51,0,37,0
linear_stable,aodv_en,hybrid_default,1018,120000,100,25,0.250000,769.000,28.760000,15.400000,1539.600,719,846,385,334,30,69,0,45,0
linear_stable,aodv_en,hybrid_rssi_bias,1035,120000,100,26,0.260000,277.923,29.230769,12.307692,1563.200,760,814,320,440,49,53,0,34,0
linear_stable,flooding,baseline,1092,120000,100,17,0.170000,1.000,29.352941,0.000000,1192.400,499,742,0,499,0,0,0,0,343
linear_stable,aodv_en,hop_only,1002,120000,100,10,0.100000,121.000,60.500000,39.400000,1307.600,605,727,394,211,30,77,0,54,0
linear_stable,aodv_en,hybrid_default,1019,120000,100,22,0.220000,382.818,36.136364,17.318182,1667.600,795,892,381,414,55,55,0,38,0
linear_stable,aodv_en,hybrid_rssi_bias,1036,120000,100,21,0.210000,343.857,33.619048,19.428571,1506.400,706,824,408,298,30,68,1,51,0
linear_stable,flooding,baseline,1093,120000,100,15,0.150000,1.000,30.533333,0.000000,1076.800,458,659,0,458,0,0,0,0,301
linear_stable,aodv_en,hop_only,1003,120000,100,24,0.240000,351.000,29.833333,13.500000,1492.800,716,792,324,392,46,56,0,39,0
linear_stable,aodv_en,hybrid_default,1020,120000,100,25,0.250000,337.000,29.680000,15.520000,1570.400,742,850,388,354,36,66,0,40,0
linear_stable,aodv_en,hybrid_rssi_bias,1037,120000,100,26,0.260000,224.077,29.269231,13.153846,1587.600,761,843,342,419,49,50,0,34,0
linear_stable,flooding,baseline,1094,120000,100,11,0.110000,1.000,41.363636,0.000000,1068.400,455,653,0,455,0,0,0,0,298
linear_stable,aodv_en,hop_only,1004,120000,100,22,0.220000,441.909,29.863636,13.909091,1369.200,657,726,306,351,39,62,0,48,0
linear_stable,aodv_en,hybrid_default,1021,120000,100,13,0.130000,454.846,50.230769,33.384615,1408.400,653,781,434,219,27,81,0,59,0
linear_stable,aodv_en,hybrid_rssi_bias,1038,120000,100,13,0.130000,462.538,48.384615,33.384615,1370.000,629,769,434,195,29,79,0,54,0
linear_stable,flooding,baseline,1095,120000,100,16,0.160000,1.000,29.312500,0.000000,1090.800,469,660,0,469,0,0,0,0,291
linear_stable,aodv_en,hop_only,1005,120000,100,28,0.280000,479.571,27.678571,9.035714,1565.200,775,794,253,522,61,40,0,28,0
linear_stable,aodv_en,hybrid_default,1022,120000,100,19,0.190000,379.947,40.842105,21.473684,1627.200,776,870,408,368,44,62,0,37,0
linear_stable,aodv_en,hybrid_rssi_bias,1039,120000,100,17,0.170000,624.529,41.176471,24.470588,1500.800,700,826,416,284,38,70,0,55,0
linear_stable,flooding,baseline,1096,120000,100,15,0.150000,1.000,32.466667,0.000000,1150.000,487,707,0,487,0,0,0,0,320
linear_stable,aodv_en,hop_only,1006,120000,100,26,0.260000,416.385,29.269231,10.076923,1545.200,761,790,262,499,61,41,0,32,0
linear_stable,aodv_en,hybrid_default,1023,120000,100,25,0.250000,337.000,28.800000,13.120000,1496.800,720,791,328,392,43,59,0,36,0
linear_stable,aodv_en,hybrid_rssi_bias,1040,120000,100,18,0.180000,401.000,43.333333,24.166667,1640.000,780,880,435,345,52,63,0,43,0
linear_stable,flooding,baseline,1097,120000,100,15,0.150000,1.000,33.333333,0.000000,1179.200,500,724,0,500,0,0,0,0,324
linear_stable,aodv_en,hop_only,1007,120000,100,8,0.080000,451.000,80.750000,62.375000,1443.200,646,835,499,147,24,89,0,60,0
linear_stable,aodv_en,hybrid_default,1024,120000,100,19,0.190000,190.474,36.473684,19.947368,1474.800,693,804,379,314,39,66,0,48,0
linear_stable,aodv_en,hybrid_rssi_bias,1041,120000,100,11,0.110000,110.091,51.454545,35.727273,1231.200,566,690,393,173,27,81,0,51,0
linear_stable,flooding,baseline,1098,120000,100,14,0.140000,1.000,35.142857,0.000000,1168.000,492,722,0,492,0,0,0,0,330
tree_stable,aodv_en,hop_only,1100,120000,100,73,0.730000,211.959,5.835616,2.000000,890.400,426,474,146,280,29,16,0,29,0
tree_stable,aodv_en,hybrid_default,1117,120000,100,58,0.580000,245.828,8.448276,4.310345,1060.000,490,590,250,240,35,30,0,46,0
tree_stable,aodv_en,hybrid_rssi_bias,1134,120000,100,68,0.680000,355.412,6.867647,2.955882,984.400,467,530,201,266,35,28,0,39,0
tree_stable,flooding,baseline,1191,120000,100,50,0.500000,1.000,14.120000,0.000000,1741.600,706,1118,0,706,0,0,0,0,512
tree_stable,aodv_en,hop_only,1101,120000,100,65,0.650000,87.154,5.984615,1.892308,794.800,389,410,123,266,33,16,0,22,0
tree_stable,aodv_en,hybrid_default,1118,120000,100,59,0.590000,163.712,7.949153,3.576271,998.000,469,544,211,258,42,24,0,35,0
tree_stable,aodv_en,hybrid_rssi_bias,1135,120000,100,64,0.640000,218.188,6.656250,2.656250,896.000,426,481,170,256,31,21,0,35,0
tree_stable,flooding,baseline,1192,120000,100,48,0.480000,1.000,15.354167,0.000000,1807.600,737,1154,0,737,0,0,0,0,517
tree_stable,aodv_en,hop_only,1102,120000,100,64,0.640000,35.375,6.046875,1.734375,785.200,387,401,111,276,37,11,0,14,0
tree_stable,aodv_en,hybrid_default,1119,120000,100,63,0.630000,169.254,6.873016,2.555556,896.400,433,471,161,272,43,18,0,31,0
tree_stable,aodv_en,hybrid_rssi_bias,1136,120000,100,65,0.650000,105.615,6.723077,2.492308,910.800,437,483,162,275,38,17,0,30,0
tree_stable,flooding,baseline,1193,120000,100,48,0.480000,1.000,14.416667,0.000000,1691.200,692,1076,0,692,0,0,0,0,484
tree_stable,aodv_en,hop_only,1103,120000,100,74,0.740000,92.892,5.675676,1.824324,872.800,420,461,135,285,29,16,0,26,0
tree_stable,aodv_en,hybrid_default,1120,120000,100,66,0.660000,273.727,7.045455,3.030303,982.000,465,530,200,265,34,26,0,40,0
tree_stable,aodv_en,hybrid_rssi_bias,1137,120000,100,67,0.670000,121.896,6.417910,2.358209,898.400,430,478,158,272,36,18,0,30,0
tree_stable,flooding,baseline,1194,120000,100,52,0.520000,1.000,13.942308,0.000000,1773.200,725,1129,0,725,0,0,0,0,504
tree_stable,aodv_en,hop_only,1104,120000,100,57,0.570000,232.579,8.403509,4.035088,1019.600,479,556,230,249,39,28,0,39,0
tree_stable,aodv_en,hybrid_default,1121,120000,100,65,0.650000,90.231,6.723077,2.400000,906.800,437,478,156,281,38,17,0,26,0
tree_stable,aodv_en,hybrid_rssi_bias,1138,120000,100,71,0.710000,233.394,6.267606,2.464789,930.800,445,496,175,270,31,22,0,27,0
tree_stable,flooding,baseline,1195,120000,100,50,0.500000,1.000,13.780000,0.000000,1676.400,689,1062,0,689,0,0,0,0,473
tree_stable,aodv_en,hop_only,1105,120000,100,64,0.640000,69.750,6.312500,2.078125,835.200,404,438,133,271,37,16,0,25,0
tree_stable,aodv_en,hybrid_default,1122,120000,100,62,0.620000,171.968,7.000000,2.532258,895.200,434,468,157,277,41,19,0,31,0
tree_stable,aodv_en,hybrid_rssi_bias,1139,120000,100,72,0.720000,167.667,5.902778,1.972222,882.800,425,466,142,283,30,17,0,28,0
tree_stable,flooding,baseline,1196,120000,100,58,0.580000,1.000,12.327586,0.000000,1762.000,715,1130,0,715,0,0,0,0,515
tree_stable,aodv_en,hop_only,1106,120000,100,73,0.730000,179.082,5.835616,2.027397,888.000,426,471,148,278,31,18,0,29,0
tree_stable,aodv_en,hybrid_default,1123,120000,100,67,0.670000,165.179,6.268657,2.104478,870.400,420,458,141,279,32,16,0,26,0
tree_stable,aodv_en,hybrid_rssi_bias,1140,120000,100,68,0.680000,139.235,6.485294,2.338235,914.000,441,481,159,282,38,18,0,31,0
tree_stable,flooding,baseline,1197,120000,100,46,0.460000,1.000,15.304348,0.000000,1732.000,704,1109,0,704,0,0,0,0,505
tree_stable,aodv_en,hop_only,1107,120000,100,64,0.640000,38.500,6.468750,2.140625,855.200,414,448,137,277,37,15,0,24,0
tree_stable,aodv_en,hybrid_default,1124,120000,100,72,0.720000,148.222,6.125000,2.361111,928.400,441,499,170,271,30,21,0,32,0
tree_stable,aodv_en,hybrid_rssi_bias,1141,120000,100,61,0.610000,92.803,6.983607,2.475410,877.600,426,458,151,275,42,17,0,26,0
tree_stable,flooding,baseline,1198,120000,100,49,0.490000,1.000,14.244898,0.000000,1716.000,698,1098,0,698,0,0,0,0,500
partial_mesh_stable,aodv_en,hop_only,1200,120000,100,37,0.370000,190.189,23.432432,8.810811,2029.200,867,1236,326,541,78,19,0,30,0
partial_mesh_stable,aodv_en,hybrid_default,1217,120000,100,36,0.360000,262.111,26.777778,11.972222,2352.000,964,1494,431,533,78,27,1,35,0
partial_mesh_stable,aodv_en,hybrid_rssi_bias,1234,120000,100,38,0.380000,90.474,23.605263,9.500000,2156.400,897,1350,361,536,78,22,0,35,0
partial_mesh_stable,flooding,baseline,1291,120000,100,95,0.950000,1.000,10.126316,0.000000,3821.600,962,3334,0,962,0,0,0,0,2472
partial_mesh_stable,aodv_en,hop_only,1201,120000,100,35,0.350000,86.714,22.171429,7.400000,1784.000,776,1066,259,517,74,15,1,25,0
partial_mesh_stable,aodv_en,hybrid_default,1218,120000,100,34,0.340000,306.882,27.470588,11.470588,2284.800,934,1455,390,544,81,27,2,39,0
partial_mesh_stable,aodv_en,hybrid_rssi_bias,1235,120000,100,40,0.400000,91.000,24.225000,9.150000,2282.800,969,1400,366,603,73,21,2,34,0
partial_mesh_stable,flooding,baseline,1292,120000,100,93,0.930000,1.000,10.182796,0.000000,3754.800,947,3273,0,947,0,0,0,0,2426
partial_mesh_stable,aodv_en,hop_only,1202,120000,100,48,0.480000,323.917,19.395833,8.458333,2250.000,931,1416,406,525,74,24,0,41,0
partial_mesh_stable,aodv_en,hybrid_default,1219,120000,100,46,0.460000,179.261,19.456522,6.413043,2065.200,895,1239,295,600,64,19,0,30,0
partial_mesh_stable,aodv_en,hybrid_rssi_bias,1236,120000,100,44,0.440000,110.091,21.431818,7.772727,2190.800,943,1324,342,601,79,18,0,32,0
partial_mesh_stable,flooding,baseline,1293,120000,100,94,0.940000,1.000,10.159574,0.000000,3802.000,955,3320,0,955,0,0,0,0,2465
partial_mesh_stable,aodv_en,hop_only,1203,120000,100,41,0.410000,142.463,21.000000,8.463415,2042.000,861,1261,347,514,73,20,0,33,0
partial_mesh_stable,aodv_en,hybrid_default,1220,120000,100,36,0.360000,198.222,27.277778,11.777778,2391.200,982,1516,424,558,85,25,1,38,0
partial_mesh_stable,aodv_en,hybrid_rssi_bias,1237,120000,100,32,0.320000,151.000,29.125000,12.593750,2235.200,932,1396,403,529,83,24,0,28,0
partial_mesh_stable,flooding,baseline,1294,120000,100,94,0.940000,1.000,10.308511,0.000000,3880.400,969,3397,0,969,0,0,0,0,2528
partial_mesh_stable,aodv_en,hop_only,1204,120000,100,41,0.410000,147.341,18.609756,7.439024,1842.800,763,1159,305,458,71,20,2,33,0
partial_mesh_stable,aodv_en,hybrid_default,1221,120000,100,43,0.430000,82.395,20.627907,7.790698,2091.600,887,1284,335,552,72,21,1,33,0
partial_mesh_stable,aodv_en,hybrid_rssi_bias,1238,120000,100,39,0.390000,339.462,23.461538,9.743590,2180.400,915,1353,380,535,77,25,0,34,0
partial_mesh_stable,flooding,baseline,1295,120000,100,93,0.930000,1.000,10.150538,0.000000,3785.600,944,3316,0,944,0,0,0,0,2472
partial_mesh_stable,aodv_en,hop_only,1205,120000,100,37,0.370000,184.784,20.081081,7.270270,1733.200,743,1052,269,474,69,16,1,28,0
partial_mesh_stable,aodv_en,hybrid_default,1222,120000,100,44,0.440000,182.818,21.704545,7.886364,2246.000,955,1375,347,608,72,20,0,32,0
partial_mesh_stable,aodv_en,hybrid_rssi_bias,1239,120000,100,40,0.400000,116.000,22.300000,9.275000,2186.400,892,1395,371,521,75,25,0,38,0
partial_mesh_stable,flooding,baseline,1296,120000,100,91,0.910000,1.000,10.593407,0.000000,3870.400,964,3392,0,964,0,0,0,0,2528
partial_mesh_stable,aodv_en,hop_only,1206,120000,100,54,0.540000,378.778,16.444444,7.000000,2143.200,888,1347,378,510,67,23,1,38,0
partial_mesh_stable,aodv_en,hybrid_default,1223,120000,100,32,0.320000,151.000,28.937500,13.031250,2300.000,926,1486,417,509,87,29,0,40,0
partial_mesh_stable,aodv_en,hybrid_rssi_bias,1240,120000,100,36,0.360000,1.000,24.750000,8.944444,2062.000,891,1241,322,569,74,17,1,22,0
partial_mesh_stable,flooding,baseline,1297,120000,100,90,0.900000,1.000,10.277778,0.000000,3641.200,925,3164,0,925,0,0,0,0,2339
partial_mesh_stable,aodv_en,hop_only,1207,120000,100,36,0.360000,156.556,20.888889,7.750000,1747.200,752,1056,279,473,71,17,0,26,0
partial_mesh_stable,aodv_en,hybrid_default,1224,120000,100,40,0.400000,91.000,22.175000,7.575000,2023.600,887,1199,303,584,70,16,2,27,0
partial_mesh_stable,aodv_en,hybrid_rssi_bias,1241,120000,100,38,0.380000,285.211,27.421053,12.210526,2541.600,1042,1614,464,578,86,28,1,41,0
partial_mesh_stable,flooding,baseline,1298,120000,100,91,0.910000,1.000,10.362637,0.000000,3765.200,943,3292,0,943,0,0,0,0,2449
partial_mesh_failure,aodv_en,hop_only,1300,120000,100,46,0.460000,66.217,16.043478,4.891304,1655.200,738,962,225,513,61,12,0,22,0
partial_mesh_failure,aodv_en,hybrid_default,1317,120000,100,36,0.360000,192.667,25.305556,11.138889,2157.200,911,1330,401,510,82,22,1,32,0
partial_mesh_failure,aodv_en,hybrid_rssi_bias,1334,120000,100,37,0.370000,125.324,25.594595,11.000000,2291.600,947,1444,407,540,79,25,1,38,0
partial_mesh_failure,flooding,baseline,1391,120000,100,92,0.920000,1.000,10.173913,0.000000,3687.200,936,3205,0,936,0,0,0,0,2369
partial_mesh_failure,aodv_en,hop_only,1301,120000,100,46,0.460000,44.478,15.521739,4.804348,1584.800,714,910,221,493,60,11,0,16,0
partial_mesh_failure,aodv_en,hybrid_default,1318,120000,100,42,0.420000,181.952,23.523810,10.333333,2448.800,988,1579,434,554,77,31,0,47,0
partial_mesh_failure,aodv_en,hybrid_rssi_bias,1335,120000,100,33,0.330000,207.061,30.000000,13.606061,2440.800,990,1566,449,541,84,27,1,47,0
partial_mesh_failure,flooding,baseline,1392,120000,100,89,0.890000,1.000,10.382022,0.000000,3635.200,924,3158,0,924,0,0,0,0,2334
partial_mesh_failure,aodv_en,hop_only,1302,120000,100,37,0.370000,195.595,19.810811,6.243243,1642.800,733,954,231,502,71,12,0,20,0
partial_mesh_failure,aodv_en,hybrid_default,1319,120000,100,39,0.390000,93.308,21.128205,7.230769,1848.000,824,1074,282,542,64,14,1,22,0
partial_mesh_failure,aodv_en,hybrid_rssi_bias,1336,120000,100,36,0.360000,295.444,27.638889,12.277778,2370.000,995,1470,442,553,89,26,1,36,0
partial_mesh_failure,flooding,baseline,1393,120000,100,98,0.980000,1.000,10.153061,0.000000,3958.000,995,3455,0,995,0,0,0,0,2560
partial_mesh_failure,aodv_en,hop_only,1303,120000,100,36,0.360000,101.000,23.083333,9.250000,1948.400,831,1189,333,498,80,21,2,30,0
partial_mesh_failure,aodv_en,hybrid_default,1320,120000,100,33,0.330000,213.121,29.060606,12.818182,2352.400,959,1502,423,536,82,28,0,40,0
partial_mesh_failure,aodv_en,hybrid_rssi_bias,1337,120000,100,45,0.450000,212.111,20.244444,6.555556,2112.400,911,1274,295,616,70,19,2,29,0
partial_mesh_failure,flooding,baseline,1394,120000,100,94,0.940000,1.000,10.138298,0.000000,3728.400,953,3231,0,953,0,0,0,0,2378
partial_mesh_failure,aodv_en,hop_only,1304,120000,100,41,0.410000,1.000,18.975610,5.634146,1708.000,778,968,231,547,63,11,3,18,0
partial_mesh_failure,aodv_en,hybrid_default,1321,120000,100,36,0.360000,128.778,25.527778,11.222222,2219.600,919,1396,404,515,80,24,1,42,0
partial_mesh_failure,aodv_en,hybrid_rssi_bias,1338,120000,100,36,0.360000,67.667,26.888889,12.305556,2325.600,968,1455,443,525,76,26,1,41,0
partial_mesh_failure,flooding,baseline,1395,120000,100,93,0.930000,1.000,10.161290,0.000000,3749.200,945,3269,0,945,0,0,0,0,2424
partial_mesh_failure,aodv_en,hop_only,1305,120000,100,39,0.390000,331.769,23.743590,10.512821,2216.000,926,1381,410,516,85,24,0,36,0
partial_mesh_failure,aodv_en,hybrid_default,1322,120000,100,39,0.390000,308.692,20.615385,8.076923,1916.000,804,1189,315,489,72,23,0,31,0
partial_mesh_failure,aodv_en,hybrid_rssi_bias,1339,120000,100,29,0.290000,76.862,32.793103,15.689655,2357.200,951,1520,455,496,84,27,2,43,0
partial_mesh_failure,flooding,baseline,1396,120000,100,89,0.890000,1.000,10.382022,0.000000,3665.600,924,3196,0,924,0,0,0,0,2372
partial_mesh_failure,aodv_en,hop_only,1306,120000,100,42,0.420000,191.476,22.095238,10.261905,2261.600,928,1435,431,497,81,25,0,40,0
partial_mesh_failure,aodv_en,hybrid_default,1323,120000,100,34,0.340000,71.588,26.470588,11.794118,2182.400,900,1378,401,499,80,24,0,34,0
partial_mesh_failure,aodv_en,hybrid_rssi_bias,1340,120000,100,35,0.350000,58.143,26.971429,10.285714,2229.600,944,1371,360,584,77,22,0,35,0
partial_mesh_failure,flooding,baseline,1397,120000,100,89,0.890000,1.000,10.483146,0.000000,3694.800,933,3219,0,933,0,0,0,0,2386
partial_mesh_failure,aodv_en,hop_only,1307,120000,100,44,0.440000,223.727,20.909091,8.840909,2212.000,920,1385,389,531,76,25,1,38,0
partial_mesh_failure,aodv_en,hybrid_default,1324,120000,100,30,0.300000,34.333,32.266667,16.733333,2476.000,968,1643,502,466,89,32,1,40,0
partial_mesh_failure,aodv_en,hybrid_rssi_bias,1341,120000,100,35,0.350000,98.143,26.228571,8.971429,2099.200,918,1247,314,604,74,18,0,25,0
partial_mesh_failure,flooding,baseline,1398,120000,100,95,0.950000,1.000,10.042105,0.000000,3810.400,954,3332,0,954,0,0,0,0,2478
